timestamp,round,operation,latency_ms,status
2026-03-27T14:56:36.717237+00:00,0,webhook_uplink,5.35,success
2026-03-27T14:56:36.777426+00:00,0,webhook_uplink,60.17,success
2026-03-27T14:56:36.834664+00:00,0,webhook_uplink,57.21,success
2026-03-27T14:56:36.836330+00:00,0,webhook_uplink,1.65,success
2026-03-27T14:56:36.896846+00:00,0,webhook_uplink,60.5,success
2026-03-27T14:56:36.898597+00:00,0,webhook_uplink,1.73,success
2026-03-27T14:56:36.962726+00:00,0,webhook_uplink,64.11,success
2026-03-27T14:56:36.964182+00:00,0,webhook_uplink,1.44,success
2026-03-27T14:56:36.965351+00:00,0,webhook_uplink,1.16,success
2026-03-27T14:56:37.026705+00:00,0,webhook_uplink,61.34,success
2026-03-27T14:56:37.028244+00:00,0,webhook_uplink,1.52,success
2026-03-27T14:56:37.029492+00:00,0,webhook_uplink,1.23,success
2026-03-27T14:56:37.030635+00:00,0,webhook_uplink,1.13,success
2026-03-27T14:56:37.031953+00:00,0,webhook_uplink,1.31,success
2026-03-27T14:56:37.033497+00:00,0,webhook_uplink,1.53,success
2026-03-27T14:56:37.034713+00:00,0,webhook_uplink,1.21,success
2026-03-27T14:56:37.035785+00:00,0,webhook_uplink,1.06,success
2026-03-27T14:56:37.036871+00:00,0,webhook_uplink,1.08,success
2026-03-27T14:56:37.038232+00:00,0,webhook_uplink,1.35,success
2026-03-27T14:56:37.100982+00:00,0,webhook_uplink,62.74,success
2026-03-27T14:56:37.102907+00:00,0,webhook_uplink,1.9,success
2026-03-27T14:56:37.126603+00:00,0,webhook_uplink,23.68,success
2026-03-27T14:56:37.213600+00:00,0,webhook_uplink,86.98,success
2026-03-27T14:56:37.274992+00:00,0,webhook_uplink,61.37,success
2026-03-27T14:56:37.276615+00:00,0,webhook_uplink,1.6,success
2026-03-27T14:56:37.349445+00:00,0,webhook_uplink,72.81,success
2026-03-27T14:56:37.416858+00:00,0,webhook_uplink,67.39,success
2026-03-27T14:56:37.418680+00:00,0,webhook_uplink,1.8,success
2026-03-27T14:56:37.421721+00:00,0,webhook_uplink,3.02,success
2026-03-27T14:56:37.479573+00:00,0,webhook_uplink,57.84,success
2026-03-27T14:56:37.481121+00:00,0,webhook_uplink,1.53,success
2026-03-27T14:56:37.538499+00:00,0,webhook_uplink,57.37,success
2026-03-27T14:56:37.540227+00:00,0,webhook_uplink,1.71,success
2026-03-27T14:56:37.599128+00:00,0,webhook_uplink,58.89,success
2026-03-27T14:56:37.658577+00:00,0,webhook_uplink,59.43,success
2026-03-27T14:56:37.730439+00:00,0,webhook_uplink,71.84,success
2026-03-27T14:56:37.807207+00:00,0,webhook_uplink,76.75,success
2026-03-27T14:56:37.808841+00:00,0,webhook_uplink,1.62,success
2026-03-27T14:56:37.810098+00:00,0,webhook_uplink,1.24,success
2026-03-27T14:56:37.868322+00:00,0,webhook_uplink,58.21,success
2026-03-27T14:56:37.935290+00:00,0,webhook_uplink,66.94,success
2026-03-27T14:56:37.998324+00:00,0,webhook_uplink,63.01,success
2026-03-27T14:56:38.063523+00:00,0,webhook_uplink,65.18,success
2026-03-27T14:56:38.127834+00:00,0,webhook_uplink,64.29,success
2026-03-27T14:56:38.189715+00:00,0,webhook_uplink,61.86,success
2026-03-27T14:56:38.253085+00:00,0,webhook_uplink,63.35,success
2026-03-27T14:56:38.306791+00:00,0,webhook_uplink,53.69,success
2026-03-27T14:56:38.308508+00:00,0,webhook_uplink,1.7,success
2026-03-27T14:56:38.310151+00:00,0,webhook_uplink,1.63,success
2026-03-27T14:56:38.373482+00:00,0,webhook_uplink,63.32,success
2026-03-27T14:56:38.436812+00:00,0,webhook_uplink,63.31,success
2026-03-27T14:56:38.438443+00:00,0,webhook_uplink,1.61,success
2026-03-27T14:56:38.439581+00:00,0,webhook_uplink,1.13,success
2026-03-27T14:56:38.503029+00:00,0,webhook_uplink,63.43,success
2026-03-27T14:56:38.564822+00:00,0,webhook_uplink,61.77,success
2026-03-27T14:56:38.566569+00:00,0,webhook_uplink,1.73,success
2026-03-27T14:56:38.624949+00:00,0,webhook_uplink,58.36,success
2026-03-27T14:56:38.626524+00:00,0,webhook_uplink,1.55,success
2026-03-27T14:56:38.731880+00:00,0,webhook_uplink,105.34,success
2026-03-27T14:56:38.733818+00:00,0,webhook_uplink,1.92,success
2026-03-27T14:56:38.799361+00:00,0,webhook_uplink,65.52,success
2026-03-27T14:56:38.801917+00:00,0,webhook_uplink,2.52,success
2026-03-27T14:56:38.863103+00:00,0,webhook_uplink,61.17,success
2026-03-27T14:56:38.920542+00:00,0,webhook_uplink,57.42,success
2026-03-27T14:56:38.975271+00:00,0,webhook_uplink,54.7,success
2026-03-27T14:56:38.976815+00:00,0,webhook_uplink,1.53,success
2026-03-27T14:56:39.037048+00:00,0,webhook_uplink,60.22,success
2026-03-27T14:56:39.096006+00:00,0,webhook_uplink,58.93,success
2026-03-27T14:56:39.097763+00:00,0,webhook_uplink,1.74,success
2026-03-27T14:56:39.156595+00:00,0,webhook_uplink,58.82,success
2026-03-27T14:56:39.158175+00:00,0,webhook_uplink,1.56,success
2026-03-27T14:56:39.159592+00:00,0,webhook_uplink,1.4,success
2026-03-27T14:56:39.160886+00:00,0,webhook_uplink,1.28,success
2026-03-27T14:56:39.162644+00:00,0,webhook_uplink,1.74,success
2026-03-27T14:56:39.163977+00:00,0,webhook_uplink,1.32,success
2026-03-27T14:56:39.165131+00:00,0,webhook_uplink,1.15,success
2026-03-27T14:56:39.166388+00:00,0,webhook_uplink,1.25,success
2026-03-27T14:56:39.222828+00:00,0,webhook_uplink,56.43,success
2026-03-27T14:56:39.283253+00:00,0,webhook_uplink,60.41,success
2026-03-27T14:56:39.284720+00:00,0,webhook_uplink,1.45,success
2026-03-27T14:56:39.879043+00:00,0,aggregator_flush,594.31,success
2026-03-27T14:56:41.955439+00:00,0,compute_trust,75.26,success
2026-03-27T14:56:42.005222+00:00,0,query_trust,49.74,success
2026-03-27T14:56:42.071069+00:00,0,compute_trust,65.8,success
2026-03-27T14:56:42.118790+00:00,0,query_trust,47.68,success
2026-03-27T14:56:42.176825+00:00,0,compute_trust,57.99,success
2026-03-27T14:56:42.226178+00:00,0,query_trust,49.31,success
2026-03-27T14:56:42.282188+00:00,0,compute_trust,55.96,success
2026-03-27T14:56:42.329789+00:00,0,query_trust,47.56,success
2026-03-27T14:56:42.390325+00:00,0,compute_trust,60.49,success
2026-03-27T14:56:42.440603+00:00,0,query_trust,50.24,success
2026-03-27T14:56:42.502026+00:00,0,compute_trust,61.37,success
2026-03-27T14:56:42.554418+00:00,0,query_trust,52.35,success
2026-03-27T14:56:42.614292+00:00,0,compute_trust,59.83,success
2026-03-27T14:56:42.666263+00:00,0,query_trust,51.92,success
2026-03-27T14:56:42.731696+00:00,0,compute_trust,65.39,success
2026-03-27T14:56:42.783183+00:00,0,query_trust,51.44,success
2026-03-27T14:56:42.838302+00:00,0,query_billing,55.06,success
2026-03-27T14:56:42.887290+00:00,0,query_billing,48.94,success
2026-03-27T14:56:42.952705+00:00,1,webhook_uplink,64.62,success
2026-03-27T14:56:42.954412+00:00,1,webhook_uplink,1.69,success
2026-03-27T14:56:43.022362+00:00,1,webhook_uplink,67.93,success
2026-03-27T14:56:43.025168+00:00,1,webhook_uplink,2.78,success
2026-03-27T14:56:43.027362+00:00,1,webhook_uplink,2.18,success
2026-03-27T14:56:43.084521+00:00,1,webhook_uplink,57.15,success
2026-03-27T14:56:43.086246+00:00,1,webhook_uplink,1.7,success
2026-03-27T14:56:43.087587+00:00,1,webhook_uplink,1.33,success
2026-03-27T14:56:43.142978+00:00,1,webhook_uplink,55.37,success
2026-03-27T14:56:43.144557+00:00,1,webhook_uplink,1.55,success
2026-03-27T14:56:43.206966+00:00,1,webhook_uplink,62.4,success
2026-03-27T14:56:43.267730+00:00,1,webhook_uplink,60.74,success
2026-03-27T14:56:43.269320+00:00,1,webhook_uplink,1.57,success
2026-03-27T14:56:43.332516+00:00,1,webhook_uplink,63.18,success
2026-03-27T14:56:43.334081+00:00,1,webhook_uplink,1.54,success
2026-03-27T14:56:43.335260+00:00,1,webhook_uplink,1.17,success
2026-03-27T14:56:43.336553+00:00,1,webhook_uplink,1.28,success
2026-03-27T14:56:43.338420+00:00,1,webhook_uplink,1.86,success
2026-03-27T14:56:43.400466+00:00,1,webhook_uplink,62.03,success
2026-03-27T14:56:43.461054+00:00,1,webhook_uplink,60.57,success
2026-03-27T14:56:43.462730+00:00,1,webhook_uplink,1.65,success
2026-03-27T14:56:43.464060+00:00,1,webhook_uplink,1.32,success
2026-03-27T14:56:43.465332+00:00,1,webhook_uplink,1.26,success
2026-03-27T14:56:43.466601+00:00,1,webhook_uplink,1.26,success
2026-03-27T14:56:43.467697+00:00,1,webhook_uplink,1.09,success
2026-03-27T14:56:43.526230+00:00,1,webhook_uplink,58.52,success
2026-03-27T14:56:43.659972+00:00,1,webhook_uplink,133.72,success
2026-03-27T14:56:43.718252+00:00,1,webhook_uplink,58.25,success
2026-03-27T14:56:43.721646+00:00,1,webhook_uplink,3.32,success
2026-03-27T14:56:43.788001+00:00,1,webhook_uplink,66.33,success
2026-03-27T14:56:43.789617+00:00,1,webhook_uplink,1.59,success
2026-03-27T14:56:43.846558+00:00,1,webhook_uplink,56.93,success
2026-03-27T14:56:43.848278+00:00,1,webhook_uplink,1.7,success
2026-03-27T14:56:43.849502+00:00,1,webhook_uplink,1.21,success
2026-03-27T14:56:43.850640+00:00,1,webhook_uplink,1.13,success
2026-03-27T14:56:43.851862+00:00,1,webhook_uplink,1.21,success
2026-03-27T14:56:43.853144+00:00,1,webhook_uplink,1.27,success
2026-03-27T14:56:43.854275+00:00,1,webhook_uplink,1.12,success
2026-03-27T14:56:43.855600+00:00,1,webhook_uplink,1.31,success
2026-03-27T14:56:43.910730+00:00,1,webhook_uplink,55.12,success
2026-03-27T14:56:43.966642+00:00,1,webhook_uplink,55.89,success
2026-03-27T14:56:44.027305+00:00,1,webhook_uplink,60.64,success
2026-03-27T14:56:44.029295+00:00,1,webhook_uplink,1.96,success
2026-03-27T14:56:44.030983+00:00,1,webhook_uplink,1.67,success
2026-03-27T14:56:44.032457+00:00,1,webhook_uplink,1.46,success
2026-03-27T14:56:44.033829+00:00,1,webhook_uplink,1.36,success
2026-03-27T14:56:44.035038+00:00,1,webhook_uplink,1.2,success
2026-03-27T14:56:44.036136+00:00,1,webhook_uplink,1.09,success
2026-03-27T14:56:44.098820+00:00,1,webhook_uplink,62.67,success
2026-03-27T14:56:44.100247+00:00,1,webhook_uplink,1.41,success
2026-03-27T14:56:44.163562+00:00,1,webhook_uplink,63.3,success
2026-03-27T14:56:44.165363+00:00,1,webhook_uplink,1.78,success
2026-03-27T14:56:44.223011+00:00,1,webhook_uplink,57.63,success
2026-03-27T14:56:44.224687+00:00,1,webhook_uplink,1.66,success
2026-03-27T14:56:44.284390+00:00,1,webhook_uplink,59.68,success
2026-03-27T14:56:44.351331+00:00,1,webhook_uplink,66.92,success
2026-03-27T14:56:44.354386+00:00,1,webhook_uplink,2.8,success
2026-03-27T14:56:44.417761+00:00,1,webhook_uplink,63.35,success
2026-03-27T14:56:44.419418+00:00,1,webhook_uplink,1.64,success
2026-03-27T14:56:44.420936+00:00,1,webhook_uplink,1.5,success
2026-03-27T14:56:44.422572+00:00,1,webhook_uplink,1.62,success
2026-03-27T14:56:44.423862+00:00,1,webhook_uplink,1.27,success
2026-03-27T14:56:44.480429+00:00,1,webhook_uplink,56.55,success
2026-03-27T14:56:44.482046+00:00,1,webhook_uplink,1.6,success
2026-03-27T14:56:44.541228+00:00,1,webhook_uplink,59.17,success
2026-03-27T14:56:44.602865+00:00,1,webhook_uplink,61.62,success
2026-03-27T14:56:44.663311+00:00,1,webhook_uplink,60.43,success
2026-03-27T14:56:44.664942+00:00,1,webhook_uplink,1.61,success
2026-03-27T14:56:44.666203+00:00,1,webhook_uplink,1.25,success
2026-03-27T14:56:44.667310+00:00,1,webhook_uplink,1.1,success
2026-03-27T14:56:44.668588+00:00,1,webhook_uplink,1.27,success
2026-03-27T14:56:44.669772+00:00,1,webhook_uplink,1.18,success
2026-03-27T14:56:44.734797+00:00,1,webhook_uplink,65.01,success
2026-03-27T14:56:44.736369+00:00,1,webhook_uplink,1.55,success
2026-03-27T14:56:44.793609+00:00,1,webhook_uplink,57.23,success
2026-03-27T14:56:44.795244+00:00,1,webhook_uplink,1.62,success
2026-03-27T14:56:44.796513+00:00,1,webhook_uplink,1.25,success
2026-03-27T14:56:44.797699+00:00,1,webhook_uplink,1.18,success
2026-03-27T14:56:44.857076+00:00,1,webhook_uplink,59.37,success
2026-03-27T14:56:44.920583+00:00,1,webhook_uplink,63.49,success
2026-03-27T14:56:45.431975+00:00,1,aggregator_flush,511.37,success
2026-03-27T14:56:47.502911+00:00,1,compute_trust,69.81,success
2026-03-27T14:56:47.555340+00:00,1,query_trust,52.38,success
2026-03-27T14:56:47.617506+00:00,1,compute_trust,62.12,success
2026-03-27T14:56:47.669230+00:00,1,query_trust,51.68,success
2026-03-27T14:56:47.729499+00:00,1,compute_trust,60.22,success
2026-03-27T14:56:47.778260+00:00,1,query_trust,48.71,success
2026-03-27T14:56:47.838177+00:00,1,compute_trust,59.86,success
2026-03-27T14:56:47.893260+00:00,1,query_trust,55.04,success
2026-03-27T14:56:47.954600+00:00,1,compute_trust,61.29,success
2026-03-27T14:56:48.005107+00:00,1,query_trust,50.46,success
2026-03-27T14:56:48.069666+00:00,1,compute_trust,64.51,success
2026-03-27T14:56:48.120499+00:00,1,query_trust,50.79,success
2026-03-27T14:56:48.180478+00:00,1,compute_trust,59.92,success
2026-03-27T14:56:48.227722+00:00,1,query_trust,47.2,success
2026-03-27T14:56:48.287352+00:00,1,compute_trust,59.58,success
2026-03-27T14:56:48.337761+00:00,1,query_trust,50.37,success
2026-03-27T14:56:48.388271+00:00,1,query_billing,50.45,success
2026-03-27T14:56:48.437113+00:00,1,query_billing,48.78,success
2026-03-27T14:56:48.498809+00:00,2,webhook_uplink,61.01,success
2026-03-27T14:56:48.559962+00:00,2,webhook_uplink,61.13,success
2026-03-27T14:56:48.668616+00:00,2,webhook_uplink,108.63,success
2026-03-27T14:56:48.724836+00:00,2,webhook_uplink,56.2,success
2026-03-27T14:56:48.726747+00:00,2,webhook_uplink,1.89,success
2026-03-27T14:56:48.782743+00:00,2,webhook_uplink,55.98,success
2026-03-27T14:56:48.784201+00:00,2,webhook_uplink,1.44,success
2026-03-27T14:56:48.839957+00:00,2,webhook_uplink,55.74,success
2026-03-27T14:56:48.899391+00:00,2,webhook_uplink,59.41,success
2026-03-27T14:56:48.955386+00:00,2,webhook_uplink,55.97,success
2026-03-27T14:56:48.957086+00:00,2,webhook_uplink,1.68,success
2026-03-27T14:56:48.958335+00:00,2,webhook_uplink,1.23,success
2026-03-27T14:56:49.014227+00:00,2,webhook_uplink,55.88,success
2026-03-27T14:56:49.070425+00:00,2,webhook_uplink,56.17,success
2026-03-27T14:56:49.130187+00:00,2,webhook_uplink,59.74,success
2026-03-27T14:56:49.131834+00:00,2,webhook_uplink,1.63,success
2026-03-27T14:56:49.133127+00:00,2,webhook_uplink,1.28,success
2026-03-27T14:56:49.193950+00:00,2,webhook_uplink,60.81,success
2026-03-27T14:56:49.196266+00:00,2,webhook_uplink,2.29,success
2026-03-27T14:56:49.199448+00:00,2,webhook_uplink,3.15,success
2026-03-27T14:56:49.201070+00:00,2,webhook_uplink,1.61,success
2026-03-27T14:56:49.202311+00:00,2,webhook_uplink,1.23,success
2026-03-27T14:56:49.257359+00:00,2,webhook_uplink,55.03,success
2026-03-27T14:56:49.259041+00:00,2,webhook_uplink,1.66,success
2026-03-27T14:56:49.260319+00:00,2,webhook_uplink,1.27,success
2026-03-27T14:56:49.261621+00:00,2,webhook_uplink,1.29,success
2026-03-27T14:56:49.322256+00:00,2,webhook_uplink,60.61,success
2026-03-27T14:56:49.377316+00:00,2,webhook_uplink,55.04,success
2026-03-27T14:56:49.435597+00:00,2,webhook_uplink,58.26,success
2026-03-27T14:56:49.437149+00:00,2,webhook_uplink,1.53,success
2026-03-27T14:56:49.502805+00:00,2,webhook_uplink,65.63,success
2026-03-27T14:56:49.563438+00:00,2,webhook_uplink,60.61,success
2026-03-27T14:56:49.564908+00:00,2,webhook_uplink,1.45,success
2026-03-27T14:56:49.627106+00:00,2,webhook_uplink,62.18,success
2026-03-27T14:56:49.685577+00:00,2,webhook_uplink,58.45,success
2026-03-27T14:56:49.748012+00:00,2,webhook_uplink,62.41,success
2026-03-27T14:56:49.749802+00:00,2,webhook_uplink,1.76,success
2026-03-27T14:56:49.808483+00:00,2,webhook_uplink,58.65,success
2026-03-27T14:56:49.865045+00:00,2,webhook_uplink,56.54,success
2026-03-27T14:56:49.866768+00:00,2,webhook_uplink,1.7,success
2026-03-27T14:56:49.867939+00:00,2,webhook_uplink,1.15,success
2026-03-27T14:56:49.926731+00:00,2,webhook_uplink,58.78,success
2026-03-27T14:56:49.983861+00:00,2,webhook_uplink,57.11,success
2026-03-27T14:56:50.049344+00:00,2,webhook_uplink,65.46,success
2026-03-27T14:56:50.050877+00:00,2,webhook_uplink,1.51,success
2026-03-27T14:56:50.052053+00:00,2,webhook_uplink,1.16,success
2026-03-27T14:56:50.113288+00:00,2,webhook_uplink,61.22,success
2026-03-27T14:56:50.171882+00:00,2,webhook_uplink,58.57,success
2026-03-27T14:56:50.230998+00:00,2,webhook_uplink,59.09,success
2026-03-27T14:56:50.293935+00:00,2,webhook_uplink,62.91,success
2026-03-27T14:56:50.295764+00:00,2,webhook_uplink,1.81,success
2026-03-27T14:56:50.297213+00:00,2,webhook_uplink,1.44,success
2026-03-27T14:56:50.361197+00:00,2,webhook_uplink,63.97,success
2026-03-27T14:56:50.426725+00:00,2,webhook_uplink,65.51,success
2026-03-27T14:56:50.429850+00:00,2,webhook_uplink,3.11,success
2026-03-27T14:56:50.485657+00:00,2,webhook_uplink,55.79,success
2026-03-27T14:56:50.542251+00:00,2,webhook_uplink,56.31,success
2026-03-27T14:56:50.600941+00:00,2,webhook_uplink,58.67,success
2026-03-27T14:56:50.659277+00:00,2,webhook_uplink,58.31,success
2026-03-27T14:56:50.723165+00:00,2,webhook_uplink,63.86,success
2026-03-27T14:56:50.782968+00:00,2,webhook_uplink,59.78,success
2026-03-27T14:56:50.784593+00:00,2,webhook_uplink,1.6,success
2026-03-27T14:56:50.847644+00:00,2,webhook_uplink,63.04,success
2026-03-27T14:56:50.906907+00:00,2,webhook_uplink,59.25,success
2026-03-27T14:56:50.908624+00:00,2,webhook_uplink,1.7,success
2026-03-27T14:56:50.971620+00:00,2,webhook_uplink,62.98,success
2026-03-27T14:56:51.033829+00:00,2,webhook_uplink,62.19,success
2026-03-27T14:56:51.088677+00:00,2,webhook_uplink,54.83,success
2026-03-27T14:56:51.146207+00:00,2,webhook_uplink,57.51,success
2026-03-27T14:56:51.202786+00:00,2,webhook_uplink,56.56,success
2026-03-27T14:56:51.265348+00:00,2,webhook_uplink,62.54,success
2026-03-27T14:56:51.326747+00:00,2,webhook_uplink,61.38,success
2026-03-27T14:56:51.391235+00:00,2,webhook_uplink,64.47,success
2026-03-27T14:56:51.452301+00:00,2,webhook_uplink,61.04,success
2026-03-27T14:56:51.513816+00:00,2,webhook_uplink,61.49,success
2026-03-27T14:56:51.574993+00:00,2,webhook_uplink,61.16,success
2026-03-27T14:56:51.638022+00:00,2,webhook_uplink,63.01,success
2026-03-27T14:56:51.640452+00:00,2,webhook_uplink,2.41,success
2026-03-27T14:56:51.643358+00:00,2,webhook_uplink,2.89,success
2026-03-27T14:56:51.645114+00:00,2,webhook_uplink,1.74,success
2026-03-27T14:56:52.207060+00:00,2,aggregator_flush,561.93,success
2026-03-27T14:56:54.291669+00:00,2,compute_trust,83.41,success
2026-03-27T14:56:54.342637+00:00,2,query_trust,50.92,success
2026-03-27T14:56:54.404115+00:00,2,compute_trust,61.43,success
2026-03-27T14:56:54.452638+00:00,2,query_trust,48.48,success
2026-03-27T14:56:54.513712+00:00,2,compute_trust,61.02,success
2026-03-27T14:56:54.561604+00:00,2,query_trust,47.85,success
2026-03-27T14:56:54.624225+00:00,2,compute_trust,62.56,success
2026-03-27T14:56:54.675114+00:00,2,query_trust,50.84,success
2026-03-27T14:56:54.735473+00:00,2,compute_trust,60.31,success
2026-03-27T14:56:54.789512+00:00,2,query_trust,53.99,success
2026-03-27T14:56:54.847976+00:00,2,compute_trust,58.41,success
2026-03-27T14:56:54.899980+00:00,2,query_trust,51.96,success
2026-03-27T14:56:54.962981+00:00,2,compute_trust,62.95,success
2026-03-27T14:56:55.013389+00:00,2,query_trust,50.36,success
2026-03-27T14:56:55.078165+00:00,2,compute_trust,64.73,success
2026-03-27T14:56:55.132575+00:00,2,query_trust,54.37,success
2026-03-27T14:56:55.178851+00:00,2,query_billing,46.22,success
2026-03-27T14:56:55.229932+00:00,2,query_billing,51.04,success
2026-03-27T14:56:55.295619+00:00,3,webhook_uplink,64.91,success
2026-03-27T14:56:55.354010+00:00,3,webhook_uplink,58.37,success
2026-03-27T14:56:55.409639+00:00,3,webhook_uplink,55.61,success
2026-03-27T14:56:55.467315+00:00,3,webhook_uplink,57.65,success
2026-03-27T14:56:55.468981+00:00,3,webhook_uplink,1.65,success
2026-03-27T14:56:55.531469+00:00,3,webhook_uplink,62.47,success
2026-03-27T14:56:55.591294+00:00,3,webhook_uplink,59.81,success
2026-03-27T14:56:55.593004+00:00,3,webhook_uplink,1.69,success
2026-03-27T14:56:55.594427+00:00,3,webhook_uplink,1.41,success
2026-03-27T14:56:55.596102+00:00,3,webhook_uplink,1.66,success
2026-03-27T14:56:55.597674+00:00,3,webhook_uplink,1.56,success
2026-03-27T14:56:55.663319+00:00,3,webhook_uplink,65.63,success
2026-03-27T14:56:55.665092+00:00,3,webhook_uplink,1.75,success
2026-03-27T14:56:55.723509+00:00,3,webhook_uplink,58.4,success
2026-03-27T14:56:55.724993+00:00,3,webhook_uplink,1.47,success
2026-03-27T14:56:55.726140+00:00,3,webhook_uplink,1.13,success
2026-03-27T14:56:55.786943+00:00,3,webhook_uplink,60.79,success
2026-03-27T14:56:55.845507+00:00,3,webhook_uplink,58.55,success
2026-03-27T14:56:55.907582+00:00,3,webhook_uplink,62.05,success
2026-03-27T14:56:55.909523+00:00,3,webhook_uplink,1.91,success
2026-03-27T14:56:55.972508+00:00,3,webhook_uplink,62.97,success
2026-03-27T14:56:55.974247+00:00,3,webhook_uplink,1.72,success
2026-03-27T14:56:55.976596+00:00,3,webhook_uplink,2.34,success
2026-03-27T14:56:55.979347+00:00,3,webhook_uplink,2.73,success
2026-03-27T14:56:56.043180+00:00,3,webhook_uplink,63.81,success
2026-03-27T14:56:56.044848+00:00,3,webhook_uplink,1.65,success
2026-03-27T14:56:56.099811+00:00,3,webhook_uplink,54.95,success
2026-03-27T14:56:56.160415+00:00,3,webhook_uplink,60.59,success
2026-03-27T14:56:56.161956+00:00,3,webhook_uplink,1.52,success
2026-03-27T14:56:56.163467+00:00,3,webhook_uplink,1.5,success
2026-03-27T14:56:56.164880+00:00,3,webhook_uplink,1.4,success
2026-03-27T14:56:56.166376+00:00,3,webhook_uplink,1.48,success
2026-03-27T14:56:56.223329+00:00,3,webhook_uplink,56.94,success
2026-03-27T14:56:56.225172+00:00,3,webhook_uplink,1.82,success
2026-03-27T14:56:56.285981+00:00,3,webhook_uplink,60.8,success
2026-03-27T14:56:56.350665+00:00,3,webhook_uplink,64.66,success
2026-03-27T14:56:56.413579+00:00,3,webhook_uplink,62.89,success
2026-03-27T14:56:56.415218+00:00,3,webhook_uplink,1.62,success
2026-03-27T14:56:56.480523+00:00,3,webhook_uplink,65.29,success
2026-03-27T14:56:56.482096+00:00,3,webhook_uplink,1.56,success
2026-03-27T14:56:56.483420+00:00,3,webhook_uplink,1.31,success
2026-03-27T14:56:56.484550+00:00,3,webhook_uplink,1.12,success
2026-03-27T14:56:56.592302+00:00,3,webhook_uplink,107.74,success
2026-03-27T14:56:56.594005+00:00,3,webhook_uplink,1.69,success
2026-03-27T14:56:56.595286+00:00,3,webhook_uplink,1.27,success
2026-03-27T14:56:56.596758+00:00,3,webhook_uplink,1.45,success
2026-03-27T14:56:56.655810+00:00,3,webhook_uplink,59.04,success
2026-03-27T14:56:56.657594+00:00,3,webhook_uplink,1.77,success
2026-03-27T14:56:56.659076+00:00,3,webhook_uplink,1.47,success
2026-03-27T14:56:56.717058+00:00,3,webhook_uplink,57.96,success
2026-03-27T14:56:56.779892+00:00,3,webhook_uplink,62.82,success
2026-03-27T14:56:56.781517+00:00,3,webhook_uplink,1.6,success
2026-03-27T14:56:56.782856+00:00,3,webhook_uplink,1.33,success
2026-03-27T14:56:56.784205+00:00,3,webhook_uplink,1.34,success
2026-03-27T14:56:56.843317+00:00,3,webhook_uplink,59.1,success
2026-03-27T14:56:56.907902+00:00,3,webhook_uplink,64.56,success
2026-03-27T14:56:56.909624+00:00,3,webhook_uplink,1.7,success
2026-03-27T14:56:56.910907+00:00,3,webhook_uplink,1.27,success
2026-03-27T14:56:56.912460+00:00,3,webhook_uplink,1.54,success
2026-03-27T14:56:56.914207+00:00,3,webhook_uplink,1.74,success
2026-03-27T14:56:56.973884+00:00,3,webhook_uplink,59.66,success
2026-03-27T14:56:57.034899+00:00,3,webhook_uplink,60.99,success
2026-03-27T14:56:57.036643+00:00,3,webhook_uplink,1.72,success
2026-03-27T14:56:57.097465+00:00,3,webhook_uplink,60.81,success
2026-03-27T14:56:57.098942+00:00,3,webhook_uplink,1.45,success
2026-03-27T14:56:57.157703+00:00,3,webhook_uplink,58.75,success
2026-03-27T14:56:57.218409+00:00,3,webhook_uplink,60.68,success
2026-03-27T14:56:57.220236+00:00,3,webhook_uplink,1.8,success
2026-03-27T14:56:57.282835+00:00,3,webhook_uplink,62.59,success
2026-03-27T14:56:57.284811+00:00,3,webhook_uplink,1.96,success
2026-03-27T14:56:57.340947+00:00,3,webhook_uplink,56.12,success
2026-03-27T14:56:57.399317+00:00,3,webhook_uplink,58.34,success
2026-03-27T14:56:57.463790+00:00,3,webhook_uplink,64.45,success
2026-03-27T14:56:57.465375+00:00,3,webhook_uplink,1.56,success
2026-03-27T14:56:57.526968+00:00,3,webhook_uplink,61.58,success
2026-03-27T14:56:57.589702+00:00,3,webhook_uplink,62.71,success
2026-03-27T14:56:57.650617+00:00,3,webhook_uplink,60.9,success
2026-03-27T14:56:57.714699+00:00,3,webhook_uplink,64.06,success
2026-03-27T14:56:57.716526+00:00,3,webhook_uplink,1.81,success
2026-03-27T14:56:57.717876+00:00,3,webhook_uplink,1.34,success
2026-03-27T14:56:58.238413+00:00,3,aggregator_flush,520.52,success
2026-03-27T14:57:00.318096+00:00,3,compute_trust,78.28,success
2026-03-27T14:57:00.369517+00:00,3,query_trust,51.34,success
2026-03-27T14:57:00.428378+00:00,3,compute_trust,58.81,success
2026-03-27T14:57:00.481162+00:00,3,query_trust,51.71,success
2026-03-27T14:57:00.549531+00:00,3,compute_trust,68.3,success
2026-03-27T14:57:00.602683+00:00,3,query_trust,53.11,success
2026-03-27T14:57:00.664549+00:00,3,compute_trust,61.81,success
2026-03-27T14:57:00.714654+00:00,3,query_trust,50.06,success
2026-03-27T14:57:00.772714+00:00,3,compute_trust,58.01,success
2026-03-27T14:57:00.824060+00:00,3,query_trust,51.3,success
2026-03-27T14:57:00.888804+00:00,3,compute_trust,64.69,success
2026-03-27T14:57:00.939555+00:00,3,query_trust,50.7,success
2026-03-27T14:57:00.999366+00:00,3,compute_trust,59.76,success
2026-03-27T14:57:01.049882+00:00,3,query_trust,50.47,success
2026-03-27T14:57:01.113758+00:00,3,compute_trust,63.82,success
2026-03-27T14:57:01.169318+00:00,3,query_trust,55.52,success
2026-03-27T14:57:01.218075+00:00,3,query_billing,48.7,success
2026-03-27T14:57:01.267986+00:00,3,query_billing,49.87,success
2026-03-27T14:57:01.271080+00:00,4,webhook_uplink,2.29,success
2026-03-27T14:57:01.333201+00:00,4,webhook_uplink,62.1,success
2026-03-27T14:57:01.334940+00:00,4,webhook_uplink,1.72,success
2026-03-27T14:57:01.336446+00:00,4,webhook_uplink,1.49,success
2026-03-27T14:57:01.400493+00:00,4,webhook_uplink,64.02,success
2026-03-27T14:57:01.458762+00:00,4,webhook_uplink,58.24,success
2026-03-27T14:57:01.515703+00:00,4,webhook_uplink,56.92,success
2026-03-27T14:57:01.517426+00:00,4,webhook_uplink,1.7,success
2026-03-27T14:57:01.582605+00:00,4,webhook_uplink,65.16,success
2026-03-27T14:57:01.584077+00:00,4,webhook_uplink,1.45,success
2026-03-27T14:57:01.643315+00:00,4,webhook_uplink,59.23,success
2026-03-27T14:57:01.644846+00:00,4,webhook_uplink,1.51,success
2026-03-27T14:57:01.744845+00:00,4,webhook_uplink,99.99,success
2026-03-27T14:57:01.812986+00:00,4,webhook_uplink,68.12,success
2026-03-27T14:57:01.875873+00:00,4,webhook_uplink,62.87,success
2026-03-27T14:57:01.877664+00:00,4,webhook_uplink,1.77,success
2026-03-27T14:57:01.879226+00:00,4,webhook_uplink,1.55,success
2026-03-27T14:57:01.940391+00:00,4,webhook_uplink,61.15,success
2026-03-27T14:57:02.004733+00:00,4,webhook_uplink,64.32,success
2026-03-27T14:57:02.068756+00:00,4,webhook_uplink,64.0,success
2026-03-27T14:57:02.072330+00:00,4,webhook_uplink,3.55,success
2026-03-27T14:57:02.130571+00:00,4,webhook_uplink,58.22,success
2026-03-27T14:57:02.189641+00:00,4,webhook_uplink,59.05,success
2026-03-27T14:57:02.191140+00:00,4,webhook_uplink,1.48,success
2026-03-27T14:57:02.192310+00:00,4,webhook_uplink,1.16,success
2026-03-27T14:57:02.193388+00:00,4,webhook_uplink,1.07,success
2026-03-27T14:57:02.252521+00:00,4,webhook_uplink,59.12,success
2026-03-27T14:57:02.314409+00:00,4,webhook_uplink,61.86,success
2026-03-27T14:57:02.375886+00:00,4,webhook_uplink,61.45,success
2026-03-27T14:57:02.377501+00:00,4,webhook_uplink,1.6,success
2026-03-27T14:57:02.378745+00:00,4,webhook_uplink,1.23,success
2026-03-27T14:57:02.380234+00:00,4,webhook_uplink,1.48,success
2026-03-27T14:57:02.441762+00:00,4,webhook_uplink,61.51,success
2026-03-27T14:57:02.518621+00:00,4,webhook_uplink,76.84,success
2026-03-27T14:57:02.579156+00:00,4,webhook_uplink,60.52,success
2026-03-27T14:57:02.580608+00:00,4,webhook_uplink,1.43,success
2026-03-27T14:57:02.635884+00:00,4,webhook_uplink,55.26,success
2026-03-27T14:57:02.637715+00:00,4,webhook_uplink,1.81,success
2026-03-27T14:57:02.639228+00:00,4,webhook_uplink,1.5,success
2026-03-27T14:57:02.705314+00:00,4,webhook_uplink,66.07,success
2026-03-27T14:57:02.709286+00:00,4,webhook_uplink,3.95,success
2026-03-27T14:57:02.711132+00:00,4,webhook_uplink,1.83,success
2026-03-27T14:57:02.768767+00:00,4,webhook_uplink,57.62,success
2026-03-27T14:57:02.826895+00:00,4,webhook_uplink,58.11,success
2026-03-27T14:57:02.881374+00:00,4,webhook_uplink,54.46,success
2026-03-27T14:57:02.942328+00:00,4,webhook_uplink,60.93,success
2026-03-27T14:57:03.007713+00:00,4,webhook_uplink,65.36,success
2026-03-27T14:57:03.067459+00:00,4,webhook_uplink,59.73,success
2026-03-27T14:57:03.129984+00:00,4,webhook_uplink,62.51,success
2026-03-27T14:57:03.131605+00:00,4,webhook_uplink,1.6,success
2026-03-27T14:57:03.191995+00:00,4,webhook_uplink,60.38,success
2026-03-27T14:57:03.252166+00:00,4,webhook_uplink,60.15,success
2026-03-27T14:57:03.253793+00:00,4,webhook_uplink,1.61,success
2026-03-27T14:57:03.314714+00:00,4,webhook_uplink,60.91,success
2026-03-27T14:57:03.317448+00:00,4,webhook_uplink,2.71,success
2026-03-27T14:57:03.319026+00:00,4,webhook_uplink,1.56,success
2026-03-27T14:57:03.373523+00:00,4,webhook_uplink,54.48,success
2026-03-27T14:57:03.432657+00:00,4,webhook_uplink,59.12,success
2026-03-27T14:57:03.434348+00:00,4,webhook_uplink,1.67,success
2026-03-27T14:57:03.435592+00:00,4,webhook_uplink,1.23,success
2026-03-27T14:57:03.497362+00:00,4,webhook_uplink,61.76,success
2026-03-27T14:57:03.498786+00:00,4,webhook_uplink,1.41,success
2026-03-27T14:57:03.559110+00:00,4,webhook_uplink,60.31,success
2026-03-27T14:57:03.560634+00:00,4,webhook_uplink,1.51,success
2026-03-27T14:57:03.562044+00:00,4,webhook_uplink,1.4,success
2026-03-27T14:57:03.623770+00:00,4,webhook_uplink,61.71,success
2026-03-27T14:57:03.682184+00:00,4,webhook_uplink,58.39,success
2026-03-27T14:57:03.684000+00:00,4,webhook_uplink,1.78,success
2026-03-27T14:57:03.685296+00:00,4,webhook_uplink,1.28,success
2026-03-27T14:57:03.749398+00:00,4,webhook_uplink,64.09,success
2026-03-27T14:57:03.751161+00:00,4,webhook_uplink,1.74,success
2026-03-27T14:57:03.752539+00:00,4,webhook_uplink,1.36,success
2026-03-27T14:57:03.754024+00:00,4,webhook_uplink,1.47,success
2026-03-27T14:57:03.755461+00:00,4,webhook_uplink,1.42,success
2026-03-27T14:57:03.826378+00:00,4,webhook_uplink,70.9,success
2026-03-27T14:57:03.828179+00:00,4,webhook_uplink,1.78,success
2026-03-27T14:57:03.898047+00:00,4,webhook_uplink,69.85,success
2026-03-27T14:57:03.959761+00:00,4,webhook_uplink,61.69,success
2026-03-27T14:57:04.019839+00:00,4,webhook_uplink,60.05,success
2026-03-27T14:57:04.078698+00:00,4,webhook_uplink,58.84,success
2026-03-27T14:57:04.582480+00:00,4,aggregator_flush,503.76,success
2026-03-27T14:57:06.650290+00:00,4,compute_trust,66.61,success
2026-03-27T14:57:06.709574+00:00,4,query_trust,59.24,success
2026-03-27T14:57:06.775350+00:00,4,compute_trust,65.71,success
2026-03-27T14:57:06.826477+00:00,4,query_trust,51.08,success
2026-03-27T14:57:06.886553+00:00,4,compute_trust,60.0,success
2026-03-27T14:57:06.935745+00:00,4,query_trust,49.14,success
2026-03-27T14:57:06.995926+00:00,4,compute_trust,60.13,success
2026-03-27T14:57:07.047329+00:00,4,query_trust,51.34,success
2026-03-27T14:57:07.109954+00:00,4,compute_trust,62.55,success
2026-03-27T14:57:07.160365+00:00,4,query_trust,50.36,success
2026-03-27T14:57:07.216522+00:00,4,compute_trust,56.09,success
2026-03-27T14:57:07.266355+00:00,4,query_trust,49.78,success
2026-03-27T14:57:07.334436+00:00,4,compute_trust,68.02,success
2026-03-27T14:57:07.380071+00:00,4,query_trust,45.59,success
2026-03-27T14:57:07.442109+00:00,4,compute_trust,61.98,success
2026-03-27T14:57:07.493816+00:00,4,query_trust,51.66,success
2026-03-27T14:57:07.545966+00:00,4,query_billing,52.08,success
2026-03-27T14:57:07.596737+00:00,4,query_billing,50.71,success
2026-03-27T14:57:07.599939+00:00,5,webhook_uplink,2.23,success
2026-03-27T14:57:07.601176+00:00,5,webhook_uplink,1.23,success
2026-03-27T14:57:07.602326+00:00,5,webhook_uplink,1.14,success
2026-03-27T14:57:07.666390+00:00,5,webhook_uplink,64.05,success
2026-03-27T14:57:07.667935+00:00,5,webhook_uplink,1.52,success
2026-03-27T14:57:07.669256+00:00,5,webhook_uplink,1.31,success
2026-03-27T14:57:07.670539+00:00,5,webhook_uplink,1.27,success
2026-03-27T14:57:07.671916+00:00,5,webhook_uplink,1.36,success
2026-03-27T14:57:07.738940+00:00,5,webhook_uplink,67.01,success
2026-03-27T14:57:07.798822+00:00,5,webhook_uplink,59.86,success
2026-03-27T14:57:07.800427+00:00,5,webhook_uplink,1.57,success
2026-03-27T14:57:07.855073+00:00,5,webhook_uplink,54.63,success
2026-03-27T14:57:07.856808+00:00,5,webhook_uplink,1.72,success
2026-03-27T14:57:07.858364+00:00,5,webhook_uplink,1.25,success
2026-03-27T14:57:07.859603+00:00,5,webhook_uplink,1.23,success
2026-03-27T14:57:07.860868+00:00,5,webhook_uplink,1.25,success
2026-03-27T14:57:07.919063+00:00,5,webhook_uplink,58.18,success
2026-03-27T14:57:07.920660+00:00,5,webhook_uplink,1.58,success
2026-03-27T14:57:07.921968+00:00,5,webhook_uplink,1.29,success
2026-03-27T14:57:07.980432+00:00,5,webhook_uplink,58.45,success
2026-03-27T14:57:08.039629+00:00,5,webhook_uplink,59.18,success
2026-03-27T14:57:08.041212+00:00,5,webhook_uplink,1.56,success
2026-03-27T14:57:08.103783+00:00,5,webhook_uplink,62.56,success
2026-03-27T14:57:08.105349+00:00,5,webhook_uplink,1.55,success
2026-03-27T14:57:08.165663+00:00,5,webhook_uplink,60.3,success
2026-03-27T14:57:08.225454+00:00,5,webhook_uplink,59.77,success
2026-03-27T14:57:08.288916+00:00,5,webhook_uplink,63.44,success
2026-03-27T14:57:08.290427+00:00,5,webhook_uplink,1.49,success
2026-03-27T14:57:08.291740+00:00,5,webhook_uplink,1.3,success
2026-03-27T14:57:08.293265+00:00,5,webhook_uplink,1.51,success
2026-03-27T14:57:08.366290+00:00,5,webhook_uplink,73.01,success
2026-03-27T14:57:08.369285+00:00,5,webhook_uplink,2.97,success
2026-03-27T14:57:08.371733+00:00,5,webhook_uplink,2.43,success
2026-03-27T14:57:08.430501+00:00,5,webhook_uplink,58.75,success
2026-03-27T14:57:08.486046+00:00,5,webhook_uplink,55.53,success
2026-03-27T14:57:08.487581+00:00,5,webhook_uplink,1.52,success
2026-03-27T14:57:08.552012+00:00,5,webhook_uplink,64.42,success
2026-03-27T14:57:08.554294+00:00,5,webhook_uplink,2.26,success
2026-03-27T14:57:08.555878+00:00,5,webhook_uplink,1.57,success
2026-03-27T14:57:08.618846+00:00,5,webhook_uplink,62.95,success
2026-03-27T14:57:08.620464+00:00,5,webhook_uplink,1.59,success
2026-03-27T14:57:08.622072+00:00,5,webhook_uplink,1.57,success
2026-03-27T14:57:08.623382+00:00,5,webhook_uplink,1.29,success
2026-03-27T14:57:08.624511+00:00,5,webhook_uplink,1.12,success
2026-03-27T14:57:08.686673+00:00,5,webhook_uplink,62.15,success
2026-03-27T14:57:08.688304+00:00,5,webhook_uplink,1.61,success
2026-03-27T14:57:08.689787+00:00,5,webhook_uplink,1.47,success
2026-03-27T14:57:08.691261+00:00,5,webhook_uplink,1.46,success
2026-03-27T14:57:08.750159+00:00,5,webhook_uplink,58.88,success
2026-03-27T14:57:08.751677+00:00,5,webhook_uplink,1.5,success
2026-03-27T14:57:08.813879+00:00,5,webhook_uplink,62.19,success
2026-03-27T14:57:08.815636+00:00,5,webhook_uplink,1.74,success
2026-03-27T14:57:08.875581+00:00,5,webhook_uplink,59.93,success
2026-03-27T14:57:08.877158+00:00,5,webhook_uplink,1.56,success
2026-03-27T14:57:08.878371+00:00,5,webhook_uplink,1.2,success
2026-03-27T14:57:08.879931+00:00,5,webhook_uplink,1.55,success
2026-03-27T14:57:08.881598+00:00,5,webhook_uplink,1.65,success
2026-03-27T14:57:08.944831+00:00,5,webhook_uplink,63.22,success
2026-03-27T14:57:08.946551+00:00,5,webhook_uplink,1.7,success
2026-03-27T14:57:09.005892+00:00,5,webhook_uplink,59.33,success
2026-03-27T14:57:09.007719+00:00,5,webhook_uplink,1.81,success
2026-03-27T14:57:09.011737+00:00,5,webhook_uplink,4.0,success
2026-03-27T14:57:09.076734+00:00,5,webhook_uplink,64.98,success
2026-03-27T14:57:09.078372+00:00,5,webhook_uplink,1.62,success
2026-03-27T14:57:09.079747+00:00,5,webhook_uplink,1.36,success
2026-03-27T14:57:09.080899+00:00,5,webhook_uplink,1.14,success
2026-03-27T14:57:09.082395+00:00,5,webhook_uplink,1.48,success
2026-03-27T14:57:09.083756+00:00,5,webhook_uplink,1.35,success
2026-03-27T14:57:09.085000+00:00,5,webhook_uplink,1.23,success
2026-03-27T14:57:09.086714+00:00,5,webhook_uplink,1.7,success
2026-03-27T14:57:09.142359+00:00,5,webhook_uplink,55.63,success
2026-03-27T14:57:09.143903+00:00,5,webhook_uplink,1.52,success
2026-03-27T14:57:09.200534+00:00,5,webhook_uplink,56.62,success
2026-03-27T14:57:09.259564+00:00,5,webhook_uplink,59.01,success
2026-03-27T14:57:09.317828+00:00,5,webhook_uplink,58.24,success
2026-03-27T14:57:09.380013+00:00,5,webhook_uplink,62.16,success
2026-03-27T14:57:09.443739+00:00,5,webhook_uplink,63.7,success
2026-03-27T14:57:09.445332+00:00,5,webhook_uplink,1.57,success
2026-03-27T14:57:09.446487+00:00,5,webhook_uplink,1.14,success
2026-03-27T14:57:09.447657+00:00,5,webhook_uplink,1.16,success
2026-03-27T14:57:10.026328+00:00,5,aggregator_flush,578.65,success
2026-03-27T14:57:12.099372+00:00,5,compute_trust,71.83,success
2026-03-27T14:57:12.147350+00:00,5,query_trust,47.94,success
2026-03-27T14:57:12.206893+00:00,5,compute_trust,59.49,success
2026-03-27T14:57:12.261992+00:00,5,query_trust,55.06,success
2026-03-27T14:57:12.327643+00:00,5,compute_trust,65.6,success
2026-03-27T14:57:12.381431+00:00,5,query_trust,53.74,success
2026-03-27T14:57:12.442186+00:00,5,compute_trust,60.71,success
2026-03-27T14:57:12.495115+00:00,5,query_trust,52.88,success
2026-03-27T14:57:12.556563+00:00,5,compute_trust,61.4,success
2026-03-27T14:57:12.604074+00:00,5,query_trust,47.46,success
2026-03-27T14:57:12.664523+00:00,5,compute_trust,60.41,success
2026-03-27T14:57:12.714269+00:00,5,query_trust,49.7,success
2026-03-27T14:57:12.778504+00:00,5,compute_trust,64.19,success
2026-03-27T14:57:12.827684+00:00,5,query_trust,49.14,success
2026-03-27T14:57:12.892372+00:00,5,compute_trust,64.64,success
2026-03-27T14:57:12.944458+00:00,5,query_trust,52.04,success
2026-03-27T14:57:12.995757+00:00,5,query_billing,51.25,success
2026-03-27T14:57:13.050346+00:00,5,query_billing,54.54,success
2026-03-27T14:57:13.114147+00:00,6,webhook_uplink,62.98,success
2026-03-27T14:57:13.115735+00:00,6,webhook_uplink,1.57,success
2026-03-27T14:57:13.117207+00:00,6,webhook_uplink,1.46,success
2026-03-27T14:57:13.118694+00:00,6,webhook_uplink,1.46,success
2026-03-27T14:57:13.120132+00:00,6,webhook_uplink,1.42,success
2026-03-27T14:57:13.121805+00:00,6,webhook_uplink,1.66,success
2026-03-27T14:57:13.183750+00:00,6,webhook_uplink,61.93,success
2026-03-27T14:57:13.239506+00:00,6,webhook_uplink,55.73,success
2026-03-27T14:57:13.241167+00:00,6,webhook_uplink,1.64,success
2026-03-27T14:57:13.298343+00:00,6,webhook_uplink,57.16,success
2026-03-27T14:57:13.299913+00:00,6,webhook_uplink,1.55,success
2026-03-27T14:57:13.301220+00:00,6,webhook_uplink,1.29,success
2026-03-27T14:57:13.302515+00:00,6,webhook_uplink,1.28,success
2026-03-27T14:57:13.410336+00:00,6,webhook_uplink,107.81,success
2026-03-27T14:57:13.412042+00:00,6,webhook_uplink,1.68,success
2026-03-27T14:57:13.473651+00:00,6,webhook_uplink,61.59,success
2026-03-27T14:57:13.535316+00:00,6,webhook_uplink,61.65,success
2026-03-27T14:57:13.536973+00:00,6,webhook_uplink,1.64,success
2026-03-27T14:57:13.599945+00:00,6,webhook_uplink,62.95,success
2026-03-27T14:57:13.664184+00:00,6,webhook_uplink,64.21,success
2026-03-27T14:57:13.665990+00:00,6,webhook_uplink,1.78,success
2026-03-27T14:57:13.667365+00:00,6,webhook_uplink,1.36,success
2026-03-27T14:57:13.668696+00:00,6,webhook_uplink,1.32,success
2026-03-27T14:57:13.670028+00:00,6,webhook_uplink,1.32,success
2026-03-27T14:57:13.732825+00:00,6,webhook_uplink,62.78,success
2026-03-27T14:57:13.734477+00:00,6,webhook_uplink,1.63,success
2026-03-27T14:57:13.735758+00:00,6,webhook_uplink,1.27,success
2026-03-27T14:57:13.736990+00:00,6,webhook_uplink,1.22,success
2026-03-27T14:57:13.738347+00:00,6,webhook_uplink,1.34,success
2026-03-27T14:57:13.739574+00:00,6,webhook_uplink,1.22,success
2026-03-27T14:57:13.740701+00:00,6,webhook_uplink,1.12,success
2026-03-27T14:57:13.741702+00:00,6,webhook_uplink,0.99,success
2026-03-27T14:57:13.742877+00:00,6,webhook_uplink,1.17,success
2026-03-27T14:57:13.803868+00:00,6,webhook_uplink,60.98,success
2026-03-27T14:57:13.867655+00:00,6,webhook_uplink,63.76,success
2026-03-27T14:57:13.869491+00:00,6,webhook_uplink,1.82,success
2026-03-27T14:57:13.873639+00:00,6,webhook_uplink,4.13,success
2026-03-27T14:57:13.875765+00:00,6,webhook_uplink,2.11,success
2026-03-27T14:57:13.877347+00:00,6,webhook_uplink,1.57,success
2026-03-27T14:57:13.933335+00:00,6,webhook_uplink,55.97,success
2026-03-27T14:57:13.934751+00:00,6,webhook_uplink,1.4,success
2026-03-27T14:57:13.993642+00:00,6,webhook_uplink,58.61,success
2026-03-27T14:57:13.995269+00:00,6,webhook_uplink,1.6,success
2026-03-27T14:57:13.996891+00:00,6,webhook_uplink,1.6,success
2026-03-27T14:57:13.998292+00:00,6,webhook_uplink,1.39,success
2026-03-27T14:57:13.999560+00:00,6,webhook_uplink,1.26,success
2026-03-27T14:57:14.000978+00:00,6,webhook_uplink,1.4,success
2026-03-27T14:57:14.002198+00:00,6,webhook_uplink,1.21,success
2026-03-27T14:57:14.003210+00:00,6,webhook_uplink,1.0,success
2026-03-27T14:57:14.004627+00:00,6,webhook_uplink,1.41,success
2026-03-27T14:57:14.067273+00:00,6,webhook_uplink,62.63,success
2026-03-27T14:57:14.131089+00:00,6,webhook_uplink,63.79,success
2026-03-27T14:57:14.132893+00:00,6,webhook_uplink,1.79,success
2026-03-27T14:57:14.193312+00:00,6,webhook_uplink,60.41,success
2026-03-27T14:57:14.194718+00:00,6,webhook_uplink,1.39,success
2026-03-27T14:57:14.195846+00:00,6,webhook_uplink,1.12,success
2026-03-27T14:57:14.257244+00:00,6,webhook_uplink,61.39,success
2026-03-27T14:57:14.318315+00:00,6,webhook_uplink,61.05,success
2026-03-27T14:57:14.320051+00:00,6,webhook_uplink,1.71,success
2026-03-27T14:57:14.321611+00:00,6,webhook_uplink,1.55,success
2026-03-27T14:57:14.322935+00:00,6,webhook_uplink,1.31,success
2026-03-27T14:57:14.389632+00:00,6,webhook_uplink,66.68,success
2026-03-27T14:57:14.391285+00:00,6,webhook_uplink,1.63,success
2026-03-27T14:57:14.450931+00:00,6,webhook_uplink,59.63,success
2026-03-27T14:57:14.516609+00:00,6,webhook_uplink,65.66,success
2026-03-27T14:57:14.575337+00:00,6,webhook_uplink,58.7,success
2026-03-27T14:57:14.632305+00:00,6,webhook_uplink,56.95,success
2026-03-27T14:57:14.692064+00:00,6,webhook_uplink,59.74,success
2026-03-27T14:57:14.693567+00:00,6,webhook_uplink,1.48,success
2026-03-27T14:57:14.755113+00:00,6,webhook_uplink,61.53,success
2026-03-27T14:57:14.756703+00:00,6,webhook_uplink,1.57,success
2026-03-27T14:57:14.757873+00:00,6,webhook_uplink,1.16,success
2026-03-27T14:57:14.758950+00:00,6,webhook_uplink,1.07,success
2026-03-27T14:57:14.760189+00:00,6,webhook_uplink,1.23,success
2026-03-27T14:57:14.761565+00:00,6,webhook_uplink,1.37,success
2026-03-27T14:57:14.762946+00:00,6,webhook_uplink,1.37,success
2026-03-27T14:57:14.764191+00:00,6,webhook_uplink,1.24,success
2026-03-27T14:57:14.825877+00:00,6,webhook_uplink,61.67,success
2026-03-27T14:57:14.887117+00:00,6,webhook_uplink,61.22,success
2026-03-27T14:57:14.888727+00:00,6,webhook_uplink,1.59,success
2026-03-27T14:57:15.396658+00:00,6,aggregator_flush,507.91,success
2026-03-27T14:57:17.476935+00:00,6,compute_trust,72.72,success
2026-03-27T14:57:17.522573+00:00,6,query_trust,45.59,success
2026-03-27T14:57:17.583408+00:00,6,compute_trust,60.78,success
2026-03-27T14:57:17.629633+00:00,6,query_trust,46.18,success
2026-03-27T14:57:17.693802+00:00,6,compute_trust,64.11,success
2026-03-27T14:57:17.741871+00:00,6,query_trust,48.02,success
2026-03-27T14:57:17.798559+00:00,6,compute_trust,56.63,success
2026-03-27T14:57:17.850303+00:00,6,query_trust,51.7,success
2026-03-27T14:57:17.912857+00:00,6,compute_trust,62.5,success
2026-03-27T14:57:17.964451+00:00,6,query_trust,51.55,success
2026-03-27T14:57:18.026258+00:00,6,compute_trust,61.76,success
2026-03-27T14:57:18.077092+00:00,6,query_trust,50.79,success
2026-03-27T14:57:18.139641+00:00,6,compute_trust,62.5,success
2026-03-27T14:57:18.194247+00:00,6,query_trust,54.56,success
2026-03-27T14:57:18.255928+00:00,6,compute_trust,61.63,success
2026-03-27T14:57:18.304000+00:00,6,query_trust,48.03,success
2026-03-27T14:57:18.362445+00:00,6,query_billing,58.37,success
2026-03-27T14:57:18.413671+00:00,6,query_billing,51.18,success
2026-03-27T14:57:18.416753+00:00,7,webhook_uplink,2.27,success
2026-03-27T14:57:18.417990+00:00,7,webhook_uplink,1.22,success
2026-03-27T14:57:18.479108+00:00,7,webhook_uplink,61.1,success
2026-03-27T14:57:18.480809+00:00,7,webhook_uplink,1.68,success
2026-03-27T14:57:18.482074+00:00,7,webhook_uplink,1.25,success
2026-03-27T14:57:18.483336+00:00,7,webhook_uplink,1.25,success
2026-03-27T14:57:18.550844+00:00,7,webhook_uplink,67.5,success
2026-03-27T14:57:18.554338+00:00,7,webhook_uplink,3.47,success
2026-03-27T14:57:18.556238+00:00,7,webhook_uplink,1.87,success
2026-03-27T14:57:18.557735+00:00,7,webhook_uplink,1.48,success
2026-03-27T14:57:18.559256+00:00,7,webhook_uplink,1.51,success
2026-03-27T14:57:18.560581+00:00,7,webhook_uplink,1.31,success
2026-03-27T14:57:18.562044+00:00,7,webhook_uplink,1.45,success
2026-03-27T14:57:18.618539+00:00,7,webhook_uplink,56.48,success
2026-03-27T14:57:18.620339+00:00,7,webhook_uplink,1.78,success
2026-03-27T14:57:18.676057+00:00,7,webhook_uplink,55.7,success
2026-03-27T14:57:18.677724+00:00,7,webhook_uplink,1.65,success
2026-03-27T14:57:18.735232+00:00,7,webhook_uplink,57.49,success
2026-03-27T14:57:18.736958+00:00,7,webhook_uplink,1.7,success
2026-03-27T14:57:18.738339+00:00,7,webhook_uplink,1.37,success
2026-03-27T14:57:18.739538+00:00,7,webhook_uplink,1.18,success
2026-03-27T14:57:18.803667+00:00,7,webhook_uplink,64.12,success
2026-03-27T14:57:18.805186+00:00,7,webhook_uplink,1.5,success
2026-03-27T14:57:18.869199+00:00,7,webhook_uplink,64.0,success
2026-03-27T14:57:18.871115+00:00,7,webhook_uplink,1.9,success
2026-03-27T14:57:18.932245+00:00,7,webhook_uplink,61.1,success
2026-03-27T14:57:18.933893+00:00,7,webhook_uplink,1.62,success
2026-03-27T14:57:18.935176+00:00,7,webhook_uplink,1.27,success
2026-03-27T14:57:18.995186+00:00,7,webhook_uplink,59.99,success
2026-03-27T14:57:19.058857+00:00,7,webhook_uplink,63.65,success
2026-03-27T14:57:19.060501+00:00,7,webhook_uplink,1.62,success
2026-03-27T14:57:19.061928+00:00,7,webhook_uplink,1.41,success
2026-03-27T14:57:19.120372+00:00,7,webhook_uplink,58.43,success
2026-03-27T14:57:19.122460+00:00,7,webhook_uplink,2.07,success
2026-03-27T14:57:19.123811+00:00,7,webhook_uplink,1.34,success
2026-03-27T14:57:19.180775+00:00,7,webhook_uplink,56.95,success
2026-03-27T14:57:19.237845+00:00,7,webhook_uplink,57.05,success
2026-03-27T14:57:19.299004+00:00,7,webhook_uplink,61.14,success
2026-03-27T14:57:19.300595+00:00,7,webhook_uplink,1.57,success
2026-03-27T14:57:19.301764+00:00,7,webhook_uplink,1.16,success
2026-03-27T14:57:19.302796+00:00,7,webhook_uplink,1.02,success
2026-03-27T14:57:19.358706+00:00,7,webhook_uplink,55.9,success
2026-03-27T14:57:19.360329+00:00,7,webhook_uplink,1.6,success
2026-03-27T14:57:19.417868+00:00,7,webhook_uplink,57.52,success
2026-03-27T14:57:19.477795+00:00,7,webhook_uplink,59.9,success
2026-03-27T14:57:19.547377+00:00,7,webhook_uplink,69.56,success
2026-03-27T14:57:19.609439+00:00,7,webhook_uplink,62.04,success
2026-03-27T14:57:19.669376+00:00,7,webhook_uplink,59.92,success
2026-03-27T14:57:19.671003+00:00,7,webhook_uplink,1.6,success
2026-03-27T14:57:19.672559+00:00,7,webhook_uplink,1.54,success
2026-03-27T14:57:19.734255+00:00,7,webhook_uplink,61.67,success
2026-03-27T14:57:19.813913+00:00,7,webhook_uplink,79.63,success
2026-03-27T14:57:19.884664+00:00,7,webhook_uplink,70.72,success
2026-03-27T14:57:19.886266+00:00,7,webhook_uplink,1.58,success
2026-03-27T14:57:19.947767+00:00,7,webhook_uplink,61.48,success
2026-03-27T14:57:19.949260+00:00,7,webhook_uplink,1.47,success
2026-03-27T14:57:19.950324+00:00,7,webhook_uplink,1.05,success
2026-03-27T14:57:20.009835+00:00,7,webhook_uplink,59.5,success
2026-03-27T14:57:20.011614+00:00,7,webhook_uplink,1.76,success
2026-03-27T14:57:20.013169+00:00,7,webhook_uplink,1.54,success
2026-03-27T14:57:20.074894+00:00,7,webhook_uplink,61.71,success
2026-03-27T14:57:20.076538+00:00,7,webhook_uplink,1.62,success
2026-03-27T14:57:20.077914+00:00,7,webhook_uplink,1.36,success
2026-03-27T14:57:20.079382+00:00,7,webhook_uplink,1.46,success
2026-03-27T14:57:20.080694+00:00,7,webhook_uplink,1.29,success
2026-03-27T14:57:20.081882+00:00,7,webhook_uplink,1.17,success
2026-03-27T14:57:20.143257+00:00,7,webhook_uplink,61.36,success
2026-03-27T14:57:20.144929+00:00,7,webhook_uplink,1.65,success
2026-03-27T14:57:20.146523+00:00,7,webhook_uplink,1.58,success
2026-03-27T14:57:20.207795+00:00,7,webhook_uplink,60.98,success
2026-03-27T14:57:20.268153+00:00,7,webhook_uplink,60.34,success
2026-03-27T14:57:20.335412+00:00,7,webhook_uplink,67.24,success
2026-03-27T14:57:20.402899+00:00,7,webhook_uplink,67.47,success
2026-03-27T14:57:20.465790+00:00,7,webhook_uplink,62.86,success
2026-03-27T14:57:20.528057+00:00,7,webhook_uplink,62.25,success
2026-03-27T14:57:20.529644+00:00,7,webhook_uplink,1.57,success
2026-03-27T14:57:20.530849+00:00,7,webhook_uplink,1.19,success
2026-03-27T14:57:20.532218+00:00,7,webhook_uplink,1.36,success
2026-03-27T14:57:20.588063+00:00,7,webhook_uplink,55.83,success
2026-03-27T14:57:20.589742+00:00,7,webhook_uplink,1.66,success
2026-03-27T14:57:21.163691+00:00,7,aggregator_flush,573.93,success
2026-03-27T14:57:23.224387+00:00,7,compute_trust,59.56,success
2026-03-27T14:57:23.274699+00:00,7,query_trust,50.26,success
2026-03-27T14:57:23.336611+00:00,7,compute_trust,61.86,success
2026-03-27T14:57:23.388302+00:00,7,query_trust,51.65,success
2026-03-27T14:57:23.447077+00:00,7,compute_trust,58.73,success
2026-03-27T14:57:23.498405+00:00,7,query_trust,51.28,success
2026-03-27T14:57:23.560385+00:00,7,compute_trust,61.93,success
2026-03-27T14:57:23.610031+00:00,7,query_trust,49.6,success
2026-03-27T14:57:23.672907+00:00,7,compute_trust,62.84,success
2026-03-27T14:57:23.721375+00:00,7,query_trust,48.42,success
2026-03-27T14:57:23.781724+00:00,7,compute_trust,60.3,success
2026-03-27T14:57:23.833045+00:00,7,query_trust,51.28,success
2026-03-27T14:57:23.901596+00:00,7,compute_trust,68.5,success
2026-03-27T14:57:23.954422+00:00,7,query_trust,52.78,success
2026-03-27T14:57:24.020783+00:00,7,compute_trust,66.31,success
2026-03-27T14:57:24.069316+00:00,7,query_trust,48.49,success
2026-03-27T14:57:24.126304+00:00,7,query_billing,56.93,success
2026-03-27T14:57:24.178695+00:00,7,query_billing,52.34,success
2026-03-27T14:57:24.240083+00:00,8,webhook_uplink,60.56,success
2026-03-27T14:57:24.302903+00:00,8,webhook_uplink,62.8,success
2026-03-27T14:57:24.360096+00:00,8,webhook_uplink,57.17,success
2026-03-27T14:57:24.361756+00:00,8,webhook_uplink,1.64,success
2026-03-27T14:57:24.363226+00:00,8,webhook_uplink,1.46,success
2026-03-27T14:57:24.364584+00:00,8,webhook_uplink,1.29,success
2026-03-27T14:57:24.366045+00:00,8,webhook_uplink,1.44,success
2026-03-27T14:57:24.367267+00:00,8,webhook_uplink,1.21,success
2026-03-27T14:57:24.424582+00:00,8,webhook_uplink,57.3,success
2026-03-27T14:57:24.480964+00:00,8,webhook_uplink,56.36,success
2026-03-27T14:57:24.542619+00:00,8,webhook_uplink,61.64,success
2026-03-27T14:57:24.602105+00:00,8,webhook_uplink,59.46,success
2026-03-27T14:57:24.603669+00:00,8,webhook_uplink,1.54,success
2026-03-27T14:57:24.660517+00:00,8,webhook_uplink,56.83,success
2026-03-27T14:57:24.721706+00:00,8,webhook_uplink,61.17,success
2026-03-27T14:57:24.723190+00:00,8,webhook_uplink,1.47,success
2026-03-27T14:57:24.782386+00:00,8,webhook_uplink,59.18,success
2026-03-27T14:57:24.784012+00:00,8,webhook_uplink,1.61,success
2026-03-27T14:57:24.785397+00:00,8,webhook_uplink,1.37,success
2026-03-27T14:57:24.787089+00:00,8,webhook_uplink,1.68,success
2026-03-27T14:57:24.849907+00:00,8,webhook_uplink,62.8,success
2026-03-27T14:57:24.914819+00:00,8,webhook_uplink,64.89,success
2026-03-27T14:57:24.916547+00:00,8,webhook_uplink,1.71,success
2026-03-27T14:57:24.919685+00:00,8,webhook_uplink,3.12,success
2026-03-27T14:57:24.974386+00:00,8,webhook_uplink,54.68,success
2026-03-27T14:57:24.976164+00:00,8,webhook_uplink,1.76,success
2026-03-27T14:57:24.977351+00:00,8,webhook_uplink,1.17,success
2026-03-27T14:57:24.978463+00:00,8,webhook_uplink,1.1,success
2026-03-27T14:57:24.979958+00:00,8,webhook_uplink,1.48,success
2026-03-27T14:57:24.981249+00:00,8,webhook_uplink,1.28,success
2026-03-27T14:57:24.982411+00:00,8,webhook_uplink,1.15,success
2026-03-27T14:57:24.983496+00:00,8,webhook_uplink,1.08,success
2026-03-27T14:57:24.984562+00:00,8,webhook_uplink,1.06,success
2026-03-27T14:57:24.985873+00:00,8,webhook_uplink,1.3,success
2026-03-27T14:57:25.046590+00:00,8,webhook_uplink,60.7,success
2026-03-27T14:57:25.048313+00:00,8,webhook_uplink,1.7,success
2026-03-27T14:57:25.049766+00:00,8,webhook_uplink,1.44,success
2026-03-27T14:57:25.106292+00:00,8,webhook_uplink,56.51,success
2026-03-27T14:57:25.107725+00:00,8,webhook_uplink,1.42,success
2026-03-27T14:57:25.108809+00:00,8,webhook_uplink,1.07,success
2026-03-27T14:57:25.164642+00:00,8,webhook_uplink,55.82,success
2026-03-27T14:57:25.224198+00:00,8,webhook_uplink,59.53,success
2026-03-27T14:57:25.333292+00:00,8,webhook_uplink,109.07,success
2026-03-27T14:57:25.397522+00:00,8,webhook_uplink,64.21,success
2026-03-27T14:57:25.460007+00:00,8,webhook_uplink,62.46,success
2026-03-27T14:57:25.461561+00:00,8,webhook_uplink,1.53,success
2026-03-27T14:57:25.524073+00:00,8,webhook_uplink,62.5,success
2026-03-27T14:57:25.586794+00:00,8,webhook_uplink,62.7,success
2026-03-27T14:57:25.588637+00:00,8,webhook_uplink,1.81,success
2026-03-27T14:57:25.651447+00:00,8,webhook_uplink,62.8,success
2026-03-27T14:57:25.653175+00:00,8,webhook_uplink,1.71,success
2026-03-27T14:57:25.654688+00:00,8,webhook_uplink,1.5,success
2026-03-27T14:57:25.656461+00:00,8,webhook_uplink,1.75,success
2026-03-27T14:57:25.712143+00:00,8,webhook_uplink,55.67,success
2026-03-27T14:57:25.772044+00:00,8,webhook_uplink,59.88,success
2026-03-27T14:57:25.773841+00:00,8,webhook_uplink,1.77,success
2026-03-27T14:57:25.831389+00:00,8,webhook_uplink,57.52,success
2026-03-27T14:57:25.832964+00:00,8,webhook_uplink,1.56,success
2026-03-27T14:57:25.834096+00:00,8,webhook_uplink,1.12,success
2026-03-27T14:57:25.835147+00:00,8,webhook_uplink,1.04,success
2026-03-27T14:57:25.836393+00:00,8,webhook_uplink,1.24,success
2026-03-27T14:57:25.837944+00:00,8,webhook_uplink,1.54,success
2026-03-27T14:57:25.902243+00:00,8,webhook_uplink,64.28,success
2026-03-27T14:57:25.903939+00:00,8,webhook_uplink,1.68,success
2026-03-27T14:57:25.905332+00:00,8,webhook_uplink,1.38,success
2026-03-27T14:57:25.906709+00:00,8,webhook_uplink,1.36,success
2026-03-27T14:57:25.907950+00:00,8,webhook_uplink,1.23,success
2026-03-27T14:57:25.909475+00:00,8,webhook_uplink,1.51,success
2026-03-27T14:57:25.910923+00:00,8,webhook_uplink,1.43,success
2026-03-27T14:57:25.973798+00:00,8,webhook_uplink,62.86,success
2026-03-27T14:57:25.975563+00:00,8,webhook_uplink,1.75,success
2026-03-27T14:57:26.035322+00:00,8,webhook_uplink,59.74,success
2026-03-27T14:57:26.037104+00:00,8,webhook_uplink,1.76,success
2026-03-27T14:57:26.038530+00:00,8,webhook_uplink,1.41,success
2026-03-27T14:57:26.097435+00:00,8,webhook_uplink,58.89,success
2026-03-27T14:57:26.098962+00:00,8,webhook_uplink,1.5,success
2026-03-27T14:57:26.161810+00:00,8,webhook_uplink,62.83,success
2026-03-27T14:57:26.163472+00:00,8,webhook_uplink,1.64,success
2026-03-27T14:57:26.164676+00:00,8,webhook_uplink,1.19,success
2026-03-27T14:57:26.165740+00:00,8,webhook_uplink,1.05,success
2026-03-27T14:57:26.667509+00:00,8,aggregator_flush,501.76,success
2026-03-27T14:57:28.749600+00:00,8,compute_trust,80.61,success
2026-03-27T14:57:28.801734+00:00,8,query_trust,52.07,success
2026-03-27T14:57:28.860409+00:00,8,compute_trust,58.62,success
2026-03-27T14:57:28.912640+00:00,8,query_trust,52.19,success
2026-03-27T14:57:28.971548+00:00,8,compute_trust,58.85,success
2026-03-27T14:57:29.019515+00:00,8,query_trust,47.9,success
2026-03-27T14:57:29.076580+00:00,8,compute_trust,57.01,success
2026-03-27T14:57:29.123238+00:00,8,query_trust,46.61,success
2026-03-27T14:57:29.180936+00:00,8,compute_trust,57.65,success
2026-03-27T14:57:29.231034+00:00,8,query_trust,50.05,success
2026-03-27T14:57:29.289407+00:00,8,compute_trust,58.32,success
2026-03-27T14:57:29.335456+00:00,8,query_trust,45.99,success
2026-03-27T14:57:29.397560+00:00,8,compute_trust,62.05,success
2026-03-27T14:57:29.447271+00:00,8,query_trust,49.66,success
2026-03-27T14:57:29.509897+00:00,8,compute_trust,62.58,success
2026-03-27T14:57:29.560297+00:00,8,query_trust,50.35,success
2026-03-27T14:57:29.610758+00:00,8,query_billing,50.39,success
2026-03-27T14:57:29.666024+00:00,8,query_billing,52.09,success
2026-03-27T14:57:29.669288+00:00,9,webhook_uplink,2.28,success
2026-03-27T14:57:29.670663+00:00,9,webhook_uplink,1.36,success
2026-03-27T14:57:29.671797+00:00,9,webhook_uplink,1.12,success
2026-03-27T14:57:29.672977+00:00,9,webhook_uplink,1.17,success
2026-03-27T14:57:29.736838+00:00,9,webhook_uplink,63.85,success
2026-03-27T14:57:29.738535+00:00,9,webhook_uplink,1.68,success
2026-03-27T14:57:29.739728+00:00,9,webhook_uplink,1.18,success
2026-03-27T14:57:29.800594+00:00,9,webhook_uplink,60.85,success
2026-03-27T14:57:29.802370+00:00,9,webhook_uplink,1.76,success
2026-03-27T14:57:29.806662+00:00,9,webhook_uplink,4.27,success
2026-03-27T14:57:29.808677+00:00,9,webhook_uplink,2.0,success
2026-03-27T14:57:29.810553+00:00,9,webhook_uplink,1.86,success
2026-03-27T14:57:29.867496+00:00,9,webhook_uplink,56.93,success
2026-03-27T14:57:29.869199+00:00,9,webhook_uplink,1.68,success
2026-03-27T14:57:29.924260+00:00,9,webhook_uplink,55.04,success
2026-03-27T14:57:29.984843+00:00,9,webhook_uplink,60.56,success
2026-03-27T14:57:29.986606+00:00,9,webhook_uplink,1.74,success
2026-03-27T14:57:30.048524+00:00,9,webhook_uplink,61.9,success
2026-03-27T14:57:30.111359+00:00,9,webhook_uplink,62.82,success
2026-03-27T14:57:30.173993+00:00,9,webhook_uplink,62.61,success
2026-03-27T14:57:30.284913+00:00,9,webhook_uplink,110.9,success
2026-03-27T14:57:30.286445+00:00,9,webhook_uplink,1.51,success
2026-03-27T14:57:30.343872+00:00,9,webhook_uplink,57.41,success
2026-03-27T14:57:30.345368+00:00,9,webhook_uplink,1.47,success
2026-03-27T14:57:30.408113+00:00,9,webhook_uplink,62.73,success
2026-03-27T14:57:30.409701+00:00,9,webhook_uplink,1.57,success
2026-03-27T14:57:30.473608+00:00,9,webhook_uplink,63.89,success
2026-03-27T14:57:30.530101+00:00,9,webhook_uplink,56.47,success
2026-03-27T14:57:30.587248+00:00,9,webhook_uplink,57.13,success
2026-03-27T14:57:30.588820+00:00,9,webhook_uplink,1.55,success
2026-03-27T14:57:30.644325+00:00,9,webhook_uplink,55.49,success
2026-03-27T14:57:30.646024+00:00,9,webhook_uplink,1.68,success
2026-03-27T14:57:30.704670+00:00,9,webhook_uplink,58.63,success
2026-03-27T14:57:30.765948+00:00,9,webhook_uplink,61.26,success
2026-03-27T14:57:30.827550+00:00,9,webhook_uplink,61.58,success
2026-03-27T14:57:30.887911+00:00,9,webhook_uplink,60.34,success
2026-03-27T14:57:30.946645+00:00,9,webhook_uplink,58.72,success
2026-03-27T14:57:31.007759+00:00,9,webhook_uplink,61.09,success
2026-03-27T14:57:31.009302+00:00,9,webhook_uplink,1.52,success
2026-03-27T14:57:31.076427+00:00,9,webhook_uplink,67.11,success
2026-03-27T14:57:31.134805+00:00,9,webhook_uplink,58.35,success
2026-03-27T14:57:31.136490+00:00,9,webhook_uplink,1.66,success
2026-03-27T14:57:31.138027+00:00,9,webhook_uplink,1.52,success
2026-03-27T14:57:31.139445+00:00,9,webhook_uplink,1.4,success
2026-03-27T14:57:31.195607+00:00,9,webhook_uplink,56.15,success
2026-03-27T14:57:31.251019+00:00,9,webhook_uplink,55.39,success
2026-03-27T14:57:31.252774+00:00,9,webhook_uplink,1.73,success
2026-03-27T14:57:31.310246+00:00,9,webhook_uplink,57.45,success
2026-03-27T14:57:31.311931+00:00,9,webhook_uplink,1.66,success
2026-03-27T14:57:31.313177+00:00,9,webhook_uplink,1.23,success
2026-03-27T14:57:31.314693+00:00,9,webhook_uplink,1.5,success
2026-03-27T14:57:31.377852+00:00,9,webhook_uplink,63.14,success
2026-03-27T14:57:31.439559+00:00,9,webhook_uplink,61.69,success
2026-03-27T14:57:31.441117+00:00,9,webhook_uplink,1.54,success
2026-03-27T14:57:31.500928+00:00,9,webhook_uplink,59.8,success
2026-03-27T14:57:31.502577+00:00,9,webhook_uplink,1.63,success
2026-03-27T14:57:31.503845+00:00,9,webhook_uplink,1.25,success
2026-03-27T14:57:31.505530+00:00,9,webhook_uplink,1.67,success
2026-03-27T14:57:31.568046+00:00,9,webhook_uplink,62.5,success
2026-03-27T14:57:31.569803+00:00,9,webhook_uplink,1.74,success
2026-03-27T14:57:31.571407+00:00,9,webhook_uplink,1.58,success
2026-03-27T14:57:31.572831+00:00,9,webhook_uplink,1.41,success
2026-03-27T14:57:31.635226+00:00,9,webhook_uplink,62.38,success
2026-03-27T14:57:31.699356+00:00,9,webhook_uplink,64.11,success
2026-03-27T14:57:31.701805+00:00,9,webhook_uplink,2.42,success
2026-03-27T14:57:31.757796+00:00,9,webhook_uplink,55.96,success
2026-03-27T14:57:31.759237+00:00,9,webhook_uplink,1.42,success
2026-03-27T14:57:31.760632+00:00,9,webhook_uplink,1.38,success
2026-03-27T14:57:31.761808+00:00,9,webhook_uplink,1.16,success
2026-03-27T14:57:31.763283+00:00,9,webhook_uplink,1.46,success
2026-03-27T14:57:31.764454+00:00,9,webhook_uplink,1.16,success
2026-03-27T14:57:31.821347+00:00,9,webhook_uplink,56.88,success
2026-03-27T14:57:31.822878+00:00,9,webhook_uplink,1.51,success
2026-03-27T14:57:31.824069+00:00,9,webhook_uplink,1.18,success
2026-03-27T14:57:31.879871+00:00,9,webhook_uplink,55.79,success
2026-03-27T14:57:31.881587+00:00,9,webhook_uplink,1.7,success
2026-03-27T14:57:31.882754+00:00,9,webhook_uplink,1.16,success
2026-03-27T14:57:31.946171+00:00,9,webhook_uplink,63.4,success
2026-03-27T14:57:31.947647+00:00,9,webhook_uplink,1.46,success
2026-03-27T14:57:31.948977+00:00,9,webhook_uplink,1.32,success
2026-03-27T14:57:32.446659+00:00,9,aggregator_flush,497.66,success
2026-03-27T14:57:34.544012+00:00,9,compute_trust,77.83,success
2026-03-27T14:57:34.594080+00:00,9,query_trust,50.01,success
2026-03-27T14:57:34.658244+00:00,9,compute_trust,64.08,success
2026-03-27T14:57:34.709484+00:00,9,query_trust,51.2,success
2026-03-27T14:57:34.772569+00:00,9,compute_trust,63.03,success
2026-03-27T14:57:34.824181+00:00,9,query_trust,51.56,success
2026-03-27T14:57:34.887169+00:00,9,compute_trust,62.93,success
2026-03-27T14:57:34.935018+00:00,9,query_trust,47.79,success
2026-03-27T14:57:34.998015+00:00,9,compute_trust,62.94,success
2026-03-27T14:57:35.045921+00:00,9,query_trust,47.84,success
2026-03-27T14:57:35.107522+00:00,9,compute_trust,61.54,success
2026-03-27T14:57:35.157744+00:00,9,query_trust,50.17,success
2026-03-27T14:57:35.218956+00:00,9,compute_trust,61.15,success
2026-03-27T14:57:35.265105+00:00,9,query_trust,46.11,success
2026-03-27T14:57:35.328550+00:00,9,compute_trust,63.4,success
2026-03-27T14:57:35.376796+00:00,9,query_trust,48.2,success
2026-03-27T14:57:35.426358+00:00,9,query_billing,49.5,success
2026-03-27T14:57:35.483304+00:00,9,query_billing,56.89,success
